{"cameraMode":{"drawMode":0,"name":"Shaded","section":"Shading Mode"},"sceneLighting":false,"audioPlay":false,"sceneViewState":{"showFog":false,"showMaterialUpdate":false,"showSkybox":false,"showFlares":false,"showImageEffects":false,"showParticleSystems":false},"in2DMode":false,"pivot":{"x":6.18668794631958,"y":1.203550100326538,"z":33.74300003051758},"rotation":{"x":-0.3427565097808838,"y":-0.3742513656616211,"z":0.15121938288211823,"w":-0.8482845425605774},"size":14.216839790344239,"orthographic":false}