{"cameraMode":{"drawMode":0,"name":"Shaded","section":"Shading Mode"},"sceneLighting":false,"audioPlay":false,"sceneViewState":{"showFog":false,"showMaterialUpdate":false,"showSkybox":false,"showFlares":false,"showImageEffects":false,"showParticleSystems":false},"in2DMode":false,"pivot":{"x":-14.957392692565918,"y":0.15344899892807008,"z":-0.08852823078632355},"rotation":{"x":0.12057147920131684,"y":0.6139758825302124,"z":-0.09562156349420548,"w":0.7741787433624268},"size":0.3327847123146057,"orthographic":false}